"id","text","label","confidence"
"10239674864474861-reply-0001-0002","Trần Bông Mai .","0","0.6"
"10239674864474861-reply-0002-0001","Trần Bông Mai e cũng đội 2, nhờ mng cứu lấy hội phú với ạ","0","0.6"
"10239674864474861-reply-0004-0001","Lieu TB Tran","0","0.6"
"10239674864474861-reply-0005-0001","Cẩm Trinh","0","0.6"
"10239674864474861-reply-0007-0001","Hang Pham c liên hệ xem.có giúp dc gì ko nhen c","0","0.6"
"10239674864474861-reply-0008-0001","Vũ Trọng Bằng","0","0.6"
"10239674864474861-reply-0009-0001","Kim Anh Vu .","0","0.6"
"10239674864474861-reply-0010-0001","Promise Bom Bom","0","0.6"
"10239674864474861-reply-0011-0004","Huy Nguyen a ơi giúp anh ấy với ah.","0","0.6"
"10239674864474861-reply-0011-0006","Huy Nguyen Thôn Mỹ long, xã an dân, tuy an, Phú yên cũ. Cần cứu hộ. Nơi đó vùng hẻo lánh có 100 mấy hộ dân thôi cây cối nhiều nên không có ai vào cứu hộ. Nước  những nhà thấp lúc mái hết rồi ạ.","0","0.6"
"10239674864474861-reply-0011-0009","Huy Nguyen https://www.facebook.com/share/p/1Cs9dUhVyr/?mibextid=wwXIfr","0","0.6"
"10239674864474861-top-0012","Cần gấp xe 3 chân -chở 3 cano từ Đà Nẵng vào Quy Nhơn (Điểm thả cano , Quy Nhơn Bắc ) 
Sdt :0786768686
Nhờ gấp  hôm nay ,nhờ cả nhà ưu tiên xe ở Đà Nẵng. Chúng tôi chi trả chi phí!","0","0.6"
"10239674864474861-reply-0012-0001","Huy Nguyen để em liên hệ chở giúp","0","0.6"
"10239674864474861-reply-0012-0002","Cầu xin hãy cứu bà con vùng, Huyện đồng xuân cũ 👏👏","0","0.6"
"10239674864474861-reply-0012-0003","Huy Nguyen Dạ
Hiện tại bà con Đội 3- Tân Hoà- Xuân Sơn Nam - Đồng Xuân - Phú Yên( cũ)! Nước lớn -ngập sâu không thấy mái rồi. Bà con không di chuyển đi vùng an toàn được nữa ! Cần được hỗ trợ đưa người ra vùng an toàn lắm ạ","0","0.6"
"10239674864474861-reply-0012-0004","Ai có xe tải 3 chân tại Đà Nẵng liên hệ với Hồ Ngọc Thanh nhé","0","0.6"
"10239674864474861-reply-0012-0005","Huy Nguyen em liên hệ được rồi anh ạh! Ae đang sắp xếp đi","0","0.6"
"10239674864474861-reply-0012-0006","Huy Nguyen em có 200 lốc nước sạch,nghe nói trong đó đang cần nước sạch.Có xe nào từ Đà Nẵng_Quảng Nam vào Quy Nhơn  cứu trợ,em xin gửi theo vs ạh","0","0.6"
"10239674864474861-reply-0012-0009","Huy Nguyen anh Huy ơi, anh có ai trong chỗ Tuy Phước gần chùa hang giúp ba má em với, ba em chịu ko nổi nữa rồi, ba bị tai biến ạ.91 Nguyễn Huệ , tuy Phước đoạn cổng chào ạ","0","0.6"
"10239674864474861-reply-0013-0001","Huy Nguyen cứu đc chưa anh","0","0.6"
"10239674864474861-reply-0013-0002","Huy Nguyen anh Huy ơi xin anh cứu giúp em tình hình lũ lụt phú yên quá lớn nhà có mẹ già 87 tuổi cu tý nhỏ một phụ nữ hiện giờ nước lớn nên nhờ anh ủng hộ cano cứu giúp  đến nơi cư trú thôn Mỹ điền xã hòa thịnh tây hòa phú yên củ  hiện nay tỉnh đắc lắc","0","0.6"
"10239674864474861-reply-0013-0003","Huy Nguyen trời ơi thương ri","0","0.6"
"10239674864474861-top-0014","Thủy điện sông Ba Hạ ( Phú Yên) đang xả 10200m3/s.
Toàn bộ 12 cửa xả đã mở.
TT Củng Sơn ở hạ du nước vượt bđ 3 gần 2m!!","0","0.6"
"10239674864474861-reply-0014-0001","Huy Nguyen  hơn 12 nghìn rồi a","0","0.6"
"10239674864474861-reply-0014-0002","Huy Nguyen Nước ngập sâu lắm hè 😭😭😭","0","0.6"
"10239674864474861-reply-0014-0003","Huy Nguyen thế thì bà con dễ lâm nguy","0","0.6"
"10239674864474861-reply-0014-0005","Huy Nguyen tội xả nước như thế này cho vào tội giết người mới yên được tích nước vô tội vạ","0","0.6"
"10239674864474861-reply-0014-0006","Huy Nguyen khổ..nước mưa, nước thủy điện..nhà dân ngập hết rồi, thương lắm..","0","0.6"
"10239674864474861-reply-0014-0008","Huy Nguyen 11.700m3/s rồi chú ơi. Nhà khu Thạnh Hội Sơn Hòa Phú Yên ko thấy mái nữa","0","0.6"
"10239674864474861-reply-0014-0009","Huy Nguyen không biết các xếp tính toán thế nào để giảm lượng xả, xả dần chứ xả lớn thế này thì ai đỡ được. Mà nghe bảo bây giờ xả trên 12 ngàn m3/s rồi","0","0.6"
"10239674864474861-reply-0014-0010","Huy Nguyen quá khủng khiếp","0","0.6"
"10239674864474861-top-0015","Em có xe cẩu tự hành 4 chân ở Đà nẵng. Ae chở Cano vào Bình Định em chở giúp","0","0.6"
"10239674864474861-reply-0015-0002","Sơn Lê Pham Huu Duc Anh 🥰","0","0.6"
"10239674864474861-reply-0015-0003","Sơn Lê Cần gấp xe 3 chân -chở 3 cano từ Đà Nẵng vào Quy Nhơn (Điểm thả cano , Quy Nhơn Bắc ) 
Sdt :0786768686
Nhờ gấp  hôm nay ,nhờ cả nhà ưu tiên xe ở Đà Nẵng. Chúng tôi chi trả chi phí!","0","0.6"
"10239674864474861-reply-0015-0005","Sơn Lê Tuyệt vời quá anh ơi!chúc anh và gia đình vạn sự an lành.","0","0.6"
"10239674864474861-reply-0015-0007","Sơn Lê nhanh lên Sơn ơi càng sớm càng tốt","0","0.6"
"10239674864474861-reply-0015-0008","Sơn Lê ❤️❤️❤️","0","0.6"
"10239674864474861-reply-0015-0010","Sơn Lê công đức vô lượng.🙏🏻🙏🏻🙏🏻","0","0.6"
"10239674864474861-reply-0016-0001","Trần Bông Mai","0","0.6"
"10239674864474861-top-0017","Mọi nguời nên gọi to,ra hiệu vẫy tay,hoặc dùng vật gì làm tính hiệu cầu cứu khi nghe tiếng máy hoặc thấy cano cứu hộ đi qua.còn dùng điện thoại sẽ ko hẳn là hiệu quả.

Đội sos mân côi hà tĩnh sẽ vào giúp phú yên trong đêm.
Mong mọi người bình an🙏","0","0.6"
"10239674864474861-reply-0017-0001","Mong đến bà con sông cầu","0","0.6"
"10239674864474861-reply-0017-0004","Hòa Lan mong đội ghé qua cầu lò gốm An Thach Tuy An, nhà ngập mái nếu lớn nữa k biết làm sao😓","0","0.6"
"10239674864474861-reply-0017-0005","Hòa Lan mong a vào phú Yên cứu người dân ở xóm soi xã Phước Hòa huyện Đồng Xuân nhiều người bị mắc kẹt trong nhà trên mái sáng h kêu cứu nhưng vẫn chưa đc cứu .","0","0.6"
"10239674864474861-reply-0017-0006","4 thuyền và 8 thành viên đã đi vào phú yên.sáng mai sẽ đến nơi giúp bà con.
Mọi người theo dõi sos mân côi hà tĩnh để đc hỗ trợ nhé.","0","0.6"
"10239674864474861-reply-0018-0001","Trần Bông Mai","0","0.6"
"10239674864474861-reply-0018-0003","Trần Bông Mai nhìn thóp tim ý","0","0.6"
"10239674864474861-reply-0018-0004","Trần Bông Mai Nam Mô Đại Từ Đại Bi Cứu Khổ Cứu Nạn Quán Thế Âm Bồ Tát 🙏🙏🙏","0","0.6"
"10239674864474861-reply-0018-0006","Trần Bông Mai ui trời oi","0","0.6"
"10239674864474861-reply-0018-0008","Trần Bông Mai c liên hệ xem dc gì ko.nhen c","0","0.6"
"10239674864474861-reply-0018-0009","Ngọc Yến khóc luôn c ạ!","0","0.6"
"10239674864474861-reply-0018-0010","Ngọc Yến thấy mà khóc theo!","0","0.6"
"10239674864474861-top-0020","Mn cứu giúp 2 ông bà 80 tuổi, ko có điện thoại, ko liên lạc được. 
Gần quán bánh mì Mĩ Lệ
An Thạch, xã Tuy An Đông","0","0.6"
"10239674864474861-reply-0021-0001","Huong Bluesea chỗ nhà mình ngập sâu ah chị hic","0","0.6"
"10239674864474861-top-0022","Bichkim Nguyen , cần cứu hộ kêu cứu vào đây nhé, mong gia đình e và bà con được cứu hộ sớm nhất","0","0.6"
"10239674864474861-top-0023","Sau ĐH Quang trung- Quy nhơn còn 1 xóm 3 nhà cần đc đưa ra sớm 091 4955868","0","0.6"
"10239674864474861-top-0025","Sao năm nay thiên tai nhiều và dai dẳng vậy a?","0","0.6"
"10239674864474861-reply-0027-0001","Trâm Nguyễn mong đội cứu hộ cứu giúp. Ông bà lớn tuổi đau bệnh ngâm nước sâng giờ rồi.","0","0.6"
"10239674864474861-reply-0027-0002","Trâm Nguyễn 🙏🙏","0","0.6"
"10239674864474861-reply-0027-0003","Trâm Nguyễn cứu nhà e vs mn ơi","0","0.6"
"10239674864474861-reply-0027-0004","mong các bác giúp đỡ với ạ","0","0.6"
"10239674864474861-top-0028","Ở Khánh Hoà bạn Nhân Hòa cần cứu trợ ạ","0","0.6"
"10239674864474861-top-0029","Luong Vu Trong Nghia em nhắn tin cầu cứu lên đây, càng chi tiết địa điểm và hiện trạng càng tốt","0","0.6"
"10239674864474861-top-0031","Nhờ cộng động giúp b mình ạ 🥲","0","0.6"
"10239674864474861-top-0032","Mọi người cứu hộ giúp ba má em với .ở 91 Nguyễn Huệ , tuy Phước gần chùa hang chỗ cổng chào, nhà có bộ cửa kéo trước .ba em bị tai biến, nước sâu quá.má em canh ba trong nhà ko ra cửa trước được.mọi người ơi ai vào cứu giúp em với ạ","0","0.6"
"10239674864474861-reply-0032-0001","Giúp em với mọi người ơi","0","0.6"
"10239674864474861-reply-0032-0002","Nguyễn Thị Tuyết .","0","0.6"
"10239674864474861-reply-0032-0004","Nguyễn Thị Tuyết mọi người chia sẽ mạnh tay lên để cứu giúp gia đình này","0","0.6"
"10239674864474861-reply-0032-0005","Giúp bạn ấy với","0","0.6"
"10239674864474861-reply-0032-0006","Nguyễn Thị Tuyết .","0","0.6"
"10239674864474861-reply-0032-0007","Nguyễn Thị Tuyết ...","0","0.6"
"10239674864474861-reply-0032-0008","Nguyễn Thị Tuyết .","0","0.6"
"10239674864474861-reply-0032-0009","Nguyễn Thị Tuyết khổ chưa....có ai giúp cho em ấy với...","0","0.6"
"10239674864474861-reply-0034-0001","Mong cả nhà mau được cứu","0","0.6"
"10239674864474861-reply-0034-0003","A Huy Nguyen  oi","0","0.6"
"10239674864474861-reply-0034-0005","Nguyễn Thu Hồng","0","0.6"
"10239674864474861-reply-0037-0001","Anna Thơ Ngô .","0","0.6"
"10239674864474861-reply-0037-0003","Anna Thơ Ngô !!!","0","0.6"
"10239674864474861-reply-0037-0004","Anna Thơ Ngô .","0","0.6"
"10239674864474861-reply-0037-0005","Anna Thơ Ngô 202563707079 02692481011 Đây là 2 số điện thoại của Ban chỉ huy phòng thủ dân sự phường Quy Nhơn Tây.","0","0.6"
"10239674864474861-top-0038","Ra chưa em","0","0.6"
"10239674864474861-top-0044","Huy Nguyen","0","0.6"
"10239674864474861-top-0045","Linh Lins","0","0.6"
"10239674864474861-top-0048","Ha Tran","0","0.6"
"10239674864474861-top-0049","Quy Tran","0","0.6"
"10239674864474861-reply-0050-0001","Ngọc Hữu 🙏","0","0.6"
"10239674864474861-reply-0050-0005","Ngọc Yến lướt fb mọi người kêu cứu mà xót thương🥲🥲","0","0.6"
"10239674864474861-top-0051","Cứu gấp gđ c này có con nhỏ ạ","0","0.6"
"10239674864474861-top-0053","Mới đăng ạ mong đc giúp đỡ","0","0.6"
"10239674864474861-top-0054","Xin nhờ anh Huy giúp","0","0.6"
"10239674864474861-top-0058","Dừng lại được rồi ôn ơi","0","0.6"
"10239674864474861-top-0062","Cứuuu ❌
Khu vực đội 3, thôn Tân Hoà, xã Đồng Xuân (Phú Yên cũ ), hiện tại khu vực nhà ngập hết nhà cần được hỗ trợ ạ","0","0.6"
"10239674864474861-top-0069","Nhiều lắm anh ơi. Tội bà con quá","0","0.6"
"10239674864474861-top-0075","Đọc những tin cầu cứu mà thương , mong trời ngừng mưa , nước rút nhanh , mọi người bình an","0","0.6"
"10239674864474861-top-0080","Nam mô a di đà phật. Cầu cho qua kiếp nạn","0","0.6"
"10239674864474861-top-0081","Ai giúp bạn ấy với ạ. Ở Phú Yên cũ ạ.","0","0.6"
"10239674864474861-top-0084","Không gọi được cho người thân thật sự rất lo lắng ạ","0","0.6"
"10239674864474861-top-0086","Giúp dùm cả nhà oi","0","0.6"
"10239674864474861-top-0091","Giúp chị này với ạ, ở lạc chỉ - Hoà Mỹ Đông - Tây Hoà - Phú Yên ạ","0","0.6"
"10239674864474861-reply-0091-0001","Cứu cứu","0","0.6"
"10239674864474861-top-0093","Mong mn tất ca binh an","0","0.6"
"10239674864474861-top-0094","Khu vực nhà thờ Mằng Lăng thôn hội tín , An Thạch.cũ , Tuy An , Phú Yên  nhà ngập hết rồi tất cần cứu hộ  mà gọi ko được","0","0.6"
"10239674864474861-top-0100","Có cano mới cập nhật thêm mn gọi thử nha","0","0.6"
"10239674864474861-top-0102","Tội quá","0","0.6"
"10239674864474861-top-0104","Ông trời ổng làm cho đủ luôn từ ngoài vô trong luôn ớn thiệt","0","0.6"
"10239674864474861-top-0109","Khu vực gần Vietcombank Phú Tài có Đội nào đang ở gần giúp đỡ","0","0.6"
"10239674864474861-top-0112","A di đà Phật","0","0.6"
"10239674864474861-top-0113","Thương miền trung quá 🥲","0","0.6"
"10239674864474861-top-0116","Đêm nay xuống Đông Hòa bạn ơi bà con dưới đó kêu cứu nhiều quá","0","0.6"
"10239674864474861-top-0120","Tuy phước Nước lên cao quá. Mưa vẫn còn to, ngày mai mưa có giảm hơn không ạ","0","0.6"
"10239674864474861-top-0121","Khu phố 1, hòa vinh đông hoà Phú yên cũ anh ơi","0","0.6"
"10239674864474861-top-0122","Có cách nào phân loại ra từng khu vực ko anh ơi Huy Nguyen","0","0.6"
"10239674864474861-top-0123","Đau lòng quá anh","0","0.6"
"10239674864474861-top-0124","Nam mô a di đà Phật","0","0.6"
"10239674864474861-top-0125","Địa chỉ cũ là: tổ 1, khu vực 3, thôn Nhơn Mỹ, Phường Nhơn Phú, Tp. quy Nhơn , Bình Định
1 gia đình đang kẹt trên gác, rất cần đồ ăn ạ. Mong được giúp đỡ","0","0.6"
"10239674864474861-top-0126","CẦU CỨU LŨ LỤT!
 Mọi người ơi, có ai ở Thôn Phong Thạnh gần 38 Nguyễn Huệ, Tuy Phước Bình Định không ạ. Người nhà em bị kẹt 1 mình trong nhà bị bệnh và không có đồ ăn ! 

Đội cứu hộ or mn ở gần đó giúp ba e  ít thức ăn với ạ. E cảm ơn nhiều lắm ạ","0","0.6"
"10239674864474861-top-0127","Kính nhờ anh giúp đỡ gia đình ông Lê Văn Trinh, địa chỉ cũ: Đội 3 thôn Phong Niên, xã Hoà Thắng, huyện Phú Hoà tỉnh Phú Yên, địa chỉ mới: Thôn phong niên, xã Phú Hoà 1, tỉnh Đăk Lắk gia đình gồm 1 cụ ông 85 tuổi, 3 cháu nhỏ gồm 1 cháu 7 tuổi, 1 cháu 4 tuổi và 1 cháu dưới 1 tuổi cùng 2 vợi chồng đang bị ngập lụt giờ không còn liên lạc được nữa. Kính nhờ các anh giúp đỡ đưa người nhà chúng tôi về nơi an toàn. Chúng tôi nay ở xa rất lo lắng, đã gọi điện nhiều nơi nhưng không ai bắt máy ạ","0","0.6"
"10239674864474861-top-0128","956 đường 23 tháng 10 xã vĩnh thạnh tp nha trang, 2 vc bạn mình đang ko liên lạc đc từ qua giờ mong mọi ng giúp đỡ.","0","0.6"
"10239674864474861-top-0129","Bình Đinh cả ơi giúp dùm","0","0.6"
"10239674864474861-top-0132","Một xóm ở Tuy Phước Bình Định sau bão đến giờ vẫn chưa có điện trở lại. Trời thì mưa to gió lớn","0","0.6"
"10239674864474861-top-0133","Thương","0","0.6"
"10239674864474861-top-0134","0905195387 - Chú Khánh, Sơn Hòa","0","0.6"
"10239674864474861-top-0135","Tội quá ông trời ơi","0","0.6"
"10239674864474861-top-0137","Xe ngập cabin luôn nhờ hỗ trựo ạ hicc","0","0.6"
"10239674864474861-top-0138","Nam mô a di đà phật","0","0.6"
"10239674864474861-top-0139","Khu Vực gần TP Quy Nhơn - Bình Định.","0","0.6"
"10239674864474861-top-0140","Nghe tiếng kêu cứu khẩn cấp ở Phú Yên mà thương sao các lực lượng quân đội công an đội dân quân tự vệ ,vì xuồng cứu trợ khẩn của các lực lượng vũ trang không có và các đội thiện nguyện trong nam ngoài bắc  ra cứu trợ cho đồng bào  kêu cứu nhiều lắm  đọc tin nhắn mà thương ,mong mọi người bình an","0","0.6"
"10239674864474861-top-0141","Năm mô a Di Đà Phật","0","0.6"
"10239674864474861-top-0144","Thương mọi người.","0","0.6"
"10239674864474861-top-0145","Khu nhơn bình 
480 đào tấn đi vô 
Nhiều nhà ngập lắm rồi anh ơi","0","0.6"
"10239674864474861-reply-0148-0001","Thu Tran ai vậy em.chị coi sáng giờ khóc luôn","0","0.6"
"10239674864474861-top-0152","Mọi người vào khu vực này cứu với!","0","0.6"
"10239674864474861-top-0153","Em lướt thấy bạn này đang cần giúp đỡ ạ","0","0.6"
"10239674864474861-top-0157","Nam mô a di đa phat","0","0.6"
"10239674864474861-top-0159","Oi nam mô a di đà Phật 
Mặt hết rồi","0","0.6"
"10239674864474861-top-0163","Chú Huy ơi, trường hợp này bạn cháu đăng vẫn chưa gọi được cứu hộ, ạ cứu giúp với ạ
Tuyết Vũ","0","0.6"
"10239674864474861-reply-0163-0001","Phan Thu Tài","0","0.6"
"10239674864474861-top-0168","Anh ơi cứu ba mẹ em ,ở ngay dưới cầu bàn thạch tuy hòa,có 2 vc già,từ hôm qua tới giờ ở trên mái nhà,nhờ anh giúp ba mẹ","0","0.6"
"10239674864474861-top-0170","Ga Diêu Trì ngập ko cả nhà?","0","0.6"
"10239674864474861-top-0176","Đau thuong quá, Ông trời ơi!!!!","0","0.6"
"10239674864474861-top-0177","@Cà Rốt","0","0.6"
"10239674864474861-top-0178","Thôn tân long, xuân sơn nam, đồng xuân, phú yên ạ. Ko liên lạc dc ng nhà, nước ngập phả mái, toàn ng lớn tuổi ạ mong được cứu trợ","0","0.6"
"10239674864474861-reply-0178-0001","Việt Trinh huhu nhà ck m ở Đồng Xuân hả","0","0.6"
"10239674864474861-top-0179","Theo dõi tin kg ngủ được mn ơi","0","0.6"
"10239674864474861-top-0180","Cầu cho mn được an toàn","0","0.6"
"10239674864474861-top-0182","Cần cứu hộ ở tuy an phú yên ạ😭","0","0.6"
"10239674864474861-top-0184","Tuy Phước - Bình Định ạ","0","0.6"
"10239674864474861-top-0185","O dau ma nhieu nuoc vay troi","0","0.6"
"10239674864474861-top-0187","Phú Yên","0","0.6"
"10239674864474861-top-0192","Ông trời mưa mãi Tội quá","0","0.6"
"10239674864474861-top-0193","Mong các đội cứu hộ và chính quyến thấy tin của chị ấy giúp đỡ tiếp cận cứu 3 mẹ con của chị ấy với ạ . Gần 2 ngày rồi 3 mẹ con trên mái nhà có 1 bé nhỏ hơn 3 tuổi nữa vừa đói , khát lại vừa lạnh k biết cầm cự nổi k nữa 😭😭😭😭🙏🙏🙏","0","0.6"
"10239674864474861-top-0198","Nhờ anh Huy Nguyen  cứu dùm bà cin khu vực này với ạ 🙏🙏","0","0.6"
"10239674864474861-top-0199","Chị Hân Đoàn Cẩm ,đã có đội cứu trợ nào vào chưa chị ơi,nhắn vào đây chị ơi","0","0.6"
"10239674864474861-top-0202","Luyện Trần Yến Nguyễn Lien Nguyen quê hương có ảnh hưởng gì không các bạn?","0","0.6"
"10239674864474861-reply-0202-0001","Mưa ngập thôi bạn, may mắn nhà ck L chỉ bị ngập sân nhà thôi.🫶🏻🫶🏻🫶🏻🫶🏻🫶🏻","0","0.6"
"10239674864474861-reply-0202-0002","Lê Văn Hà mình vẫn trong vòng an toàn bạn ơi","0","0.6"
"10239674864474861-top-0206","Quy nhơn","0","0.6"
"10239674864474861-top-0207","nhờ anh Huy chuyển tin cho đội cứu hộ ạ","0","0.6"
"10239674864474861-top-0214","An thạch Giờ gọi về k dc k biết tình hình s rồi","0","0.6"
"10239674864474861-top-0218","Mưa rất lớn Anh Huy ơi","0","0.6"
"10239674864474861-top-0219","Đông phước Hoà An phú Hòa Phú Yên ( cũ). Nhà cấp 4 không à mn ơi. Xin hãy cứu lấy bà con","0","0.6"
"10239674864474861-top-0222","Đọc cmt mà đau lòng. Nhiều gia đình có ông bà và cháu nhỏ. Mong không thiệt hại về người","0","0.6"
"10239674864474861-reply-0225-0001","Luong Viet Khu này gần đường rây xe lửa pk a. Ng thân em cũng ở đó","0","0.6"
"10239674864474861-top-0228","Nghe nói 4/12 có bão vào khánh hoà có không chú huy","0","0.6"
"10239674864474861-reply-0228-0001","Quốc Dũng em lo xa","0","0.6"
"10239674864474861-top-0229","Thôn Mỹ Long, An Dân cũ.","0","0.6"
"10239674864474861-top-0231","Khổ quá","0","0.6"
"10239674864474861-top-0236","Thanh Vo em cmt vào đây nếu nhà em chưa có ai vào giúp nha","0","0.6"
"10239674864474861-top-0237","25/7 đường Miên Hoa, Thôn 2, Diên Phú, Diên Khánh, Khánh Hoà.
Đây là địa chỉ cũ em không biết địa chỉ mới, mong cứu hộ tìm thấy. Ai biết cô Nuoi Phan giáo viên thì mong mng giúp đỡ.","0","0.6"
"10239674864474861-top-0239","Mong có ai gần đó giúp ạ.","0","0.6"
"10239674864474861-top-0240","Thương người dân mình quá","0","0.6"
"10239674864474861-top-0241","Cứu giúp anh ơi","0","0.6"
"10239674864474861-top-0242","Cứu giúp e vs ạ","0","0.6"
"10239674864474861-top-0243","Cháu tôi: 2 ng lớn và 2 em bé học cấp 1, nhà ở gần Cầu Bè, hẻm garage Lê Bình đi xuống, số đt 0935436569. Cầu mong mọi người cứu giúp!!!","0","0.6"
"10239674864474861-top-0244","Tối qua khối không khí lạnh mạnh tràn về Hà Tĩnh - ngay trong đất liền mà gió mạnh gần tuonhw đương cấp 8 giật cấp 8 - quần mạnh khoảng hơn 1 tiếng ghê quá sau đó gây mưa tầm tã suốt đêm đến giờ mưa mới nhẹ hơn chút .khiếp - không biết ngoài biển gió to mức nào nữa - ko phải về đột ngột trong dạng thời tiết ""nắng 3 trưa"" mà mạnh gió như vậy cũng là nét đặc biệt hiếm thấy vì những ngày trc đó mưa rét triền miên nó ở dạng tăng cường mà rất mạnh","0","0.6"
"10239674864474861-top-0246","Xin cứu hộ đến cứu giùm Đội 3, Thôn Tân Hoà, xã Xuân Sơn Nam, huyện Đồng Xuân, tỉnh Phú Yên (cũ). Nhà bà Tám Khéo, tên đầy đủ Nguyễn Thị Thu Trang. Nhà nằm sâu trong xóm và gần sông, lúc 6:00 sáng liên lạc Má báo nước vào nhà lên tới ngực, có 1 mình Má e đang kẹt trong nhà, hiện tại e gọi Má ko được, gọi cứu hộ thì cứ máy bận. Làm ơn 🙏🏻🙏🏻🙏🏻🙏🏻🙏🏻","0","0.6"
"10239674864474861-top-0247","Tin tức","0","0.6"
"10239674864474861-top-0248","Anh ơi cứu hộ dùm Vùng 7 An Định Tuy An Phú yên nha Anh (địa chỉ mới Tuy An Bắc)","0","0.6"
"10239674864474861-top-0250","Sdt: 0366695938","0","0.6"
"10239674864474861-top-0251","Cứu hộ, cano có vào khu vực gần 𝟑𝟗 𝐍𝐠𝐮𝐲𝐞̂̃𝐧 𝐂𝐡𝐢́ 𝐃𝐢𝐞̂̃𝐮, 𝐏𝐡𝐮̛𝐨̛̀𝐧𝐠 𝐐𝐮𝐲 𝐍𝐡𝐨̛𝐧 𝐁𝐚̆́𝐜 , Quy Nhơn
🔴 ☎ 0988.973.112 hoặc 0913.03.8877
Xin giúp đỡ gia đình mua hộ: 𝗡𝘂̛𝗼̛́𝗰 𝘀𝗮̣𝗰𝗵, 𝗧𝗮̃ 𝘃𝗮̀ 𝗦𝘂̛̃𝗮 cho bé con 𝟭 𝘁𝘂𝗼̂̉𝗶 (Dielac Gold 3 hoặc bất cứ sữa gì thay thế) 
Rất mong nhận được sự giúp đỡ và chân thành cảm ơn!","0","0.6"
"10239674864474861-top-0252","A huy có số cứu hộ ở ninh hòa .khánh hòa ko a .","0","0.6"
"10239674864474861-top-0253","Đội cứu hộ nào cứu giúp với ạ!","0","0.6"
"10239674864474861-reply-0253-0001","Vạn củi quán- thôn diêm điền- tuy an- phú yên cũ","0","0.6"
"10239674864474861-top-0254","Anh chị ơi cho em hỏi đoạn 190 Lê Lợi, Phú Yên sau 9h30 sáng nay nước còn lên cao nhiều hơn ko cả nhà.","0","0.6"
"10239674864474861-top-0256","Cần giúp đỡ trường hợp 2 ông bà cụ 85t, thôn phú diễn, xã hòa đồng, huyện tây hòa, sdt 0775807592","0","0.6"
"10239674864474861-top-0257","trời ơi đừng mưa nữa","0","0.6"
"10239674864474861-top-0258","Ho Thi Bich Dan có ai cần cứu không nè","0","0.6"
"10239674864474861-top-0259","Bình định khi nào ngớt mưa a? Nước lớn lắm rồi","0","0.6"
"10239674864474861-top-0263","Ở ngay dươi chân cầu dứa đường hem phú nông có máy nhà đang cân giup bị kẹt trên gac từ 4h sáng  đt k liên lac đc xin đên đó gọi to lên cho người nha nghe tiếng để bik vs ạ…","0","0.6"
"10239674864474861-top-0264","Nam mô đai từ đại bi QUAN THẾ ÂM BỒ  TÁT","0","0.6"
"10239674864474861-top-0266","Tin nhắn cầu cứu khẩn cấp

Cầu cứu! Nhà tôi đang bị ngập sâu. Trong nhà chỉ còn lại ba mẹ tôi đều trên 70 tuổi, không thể tự di chuyển.

Địa chỉ: Thôn Nho Lâm, xã Phú Hoà 2, Phú Yên cũ . ( nhà ở xóm đồng, đối diện với chùa núi Bà Khương)

Vui lòng hỗ trợ đưa ba mẹ tôi đến khu vực an toàn/cao ráo.

Tôi xin chân thành cảm ơn!","0","0.6"
"10239674864474861-top-0267","Chấm chấm","0","0.6"
"10239674864474861-top-0271","Nhắn địa chỉ cần cứu hộ vô đây nha Chị Huỳnh Thị Hường","0","0.6"
"10239674864474861-top-0272","Chị Trịnh Kiều Trâm đang cần cứu hộ ạ","0","0.6"
"10239674864474861-top-0274","Mn ơi ơi","0","0.6"
"10239674864474861-reply-0278-0001","Đã tiếp cận ông bà dc chưa Tú","0","0.6"
"10239674864474861-top-0281","Đọc toàn lời kêu cứu 
Rơi nước mắt 😪","0","0.6"
"10239674864474861-top-0285","Thu Thị Trần comment địa chỉ cần cứu hộ lên đây này Thu","0","0.6"
"10239674864474861-top-0288","Nhà o chợ phong niên
2 ông bà già 093 5180364

083 7325636
Cần lắm add ơi","0","0.6"
"10239674864474861-top-0289","Nguyễn Châu Hồng Ngọc nói người nhà cmt vô stt này c ơi. Lượt tt bên đây hộ cứu hộ nhiều khi tt lttp kịp thời.","0","0.6"
"10239674864474861-top-0296","Quyetloi Bui bên nhà cô bị khu vực nào Phú Yên nhắn vào đây đi ạ","0","0.6"
"10239674864474861-top-0297","Những lời kêu cứu … đọc mà thuương xót","0","0.6"
"10239674864474861-top-0298","Ngã 3 Phú Tài đây ạ","0","0.6"
"10239674864474861-top-0300","Thuong b con qa . Mong ba con phu yen binh an.Bà con cố gang lên","0","0.6"
"10239674864474861-top-0301","Hỗ trợ giúp bạn em ở chỗ này với ạ","0","0.6"
"10239674864474861-top-0303","Cầu mong được cứu hộ, đường 23/10 ngay Cây Dầu Đôi, 8 người, 2 người già,1 trẻ con, Nhà Trọ Ngọc Lan, sát bên miếu thờ Trịnh Phong","0","0.6"
"10239674864474861-top-0305","Dạ mong có ai đến cứu ba mẹ em với ạ, có 2 người trung niên ở trên đường 23/10 đối diện ksan Holiday, km8, Diên Khánh. Nhà ko có gác để trú. Sđt em 0399836917. Cảm ơn mn nhiều ạ","0","0.6"
"10239674864474861-top-0306","Thương bà con quá","0","0.6"
"10239674864474861-top-0310","Nguyêñ Thái em ơi, báo vô đây nhờ mọi người nè em","0","0.6"
"10239674864474861-top-0311","Cứu người","0","0.6"
"10239674864474861-top-0315","Ông Tổng và bct bay gấp vào miền trung chỉ đạo chứ cán bộ Phường xã bó tay rồi","0","0.6"
"10239674864474861-top-0320","Hoà thịnh, tây hoà, phú yên cần cứu ạ","0","0.6"
"10239674864474861-top-0321","Thương lắm miền Trung ơi","0","0.6"
"10239674864474861-top-0322","Ứng Cứu gđ bạn em với anh ơi Vanmang Nguyen 😭","0","0.6"
"10239674864474861-top-0325","Mong đội cứu hộ đến đoạn chùa hang Tuy Phước cứu ba mẹ em với. Ba e bị tai biến không di chuyển được, nước gâần tới cằm rồi. Ba má em ở nhà kêu cứu sáng giờ nhưng không đươch, e cũng gọi cứu hộ rất nhiều rồi. Ai đó gần chùa Hang cứu giúp nhà em với ạ","0","0.6"
"10239674864474861-reply-0325-0001","Trâm Nguyễn tội ô bà quá. Mong cứu hộ tới sớm ạ","0","0.6"
"10239674864474861-reply-0325-0002","Trâm Nguyễn .","0","0.6"
"10239674864474861-reply-0325-0003","Trâm Nguyễn .","0","0.6"
"10239674864474861-reply-0326-0001","Mong mn cứu lấy bà với. Bà có 1 mình nước hiện tại đang rất cao","0","0.6"
"10239674864474861-top-0327","Mn cho em hỏi giờ bay từ SG về Phù Cát được k. Và di chuyển từ Sân bay phù cát về đoạn ga diêu trì tình hình ntn rồi ạ","0","0.6"
"10239674864474861-top-0329","Dạ cần cứu hộ gấp ạ","0","0.6"
"10239674864474861-top-0330","Đăk Lăk mưa khiếp luôn.ngày hôm nay từ sáng đến giờ chưa ngớt 🥲","0","0.6"
"10239674864474861-top-0331","Thương vô cùng đồng bào ơi 😭😭😭","0","0.6"
"10239674864474861-reply-0332-0001","Hương My ....","0","0.6"
"10239674864474861-top-0334","Nga Thu Nguyễn Nguyen Buoc , cả nhà cố lên !","0","0.6"
"10239674864474861-reply-0335-0001","Võ Trần Phương Linh nước nhà thờ tới đâu rồi em","0","0.6"
"10239674864474861-top-0340","Dạ vậy nhờ chị kêu gọi giúp.chứ bên e giờ hok gọi ai được ạ.0989873409 tuyến, 0333027601 mi, 0384413536 hoa.ở tổ 9 khu vực 2 phường trần quang diệu cũ( hẻm trường hùng vương). Nhà có 2 trẻ em 4t và 4 tháng, 2 người lớn và 3 người trẻ.( Có đội cứu trợ nào gần nhà em em thì vào giúp dùm gia đình bé với ạ .Em cảm ơn ,nhờ mọi người chia sẻ giúp ạ","0","0.6"
"10239674864474861-top-0342","Nhut Pham nói mắm theo dõi này kêu cứu nha ck","0","0.6"
"10239674864474861-top-0343","Ninh Hoà Khánh Hoà thiếu cano cứu hộ","0","0.6"
"10239674864474861-top-0346","Cứu với mọi người ơi sắp ngập mái nhà luôn rồi 😭","0","0.6"
"10239674864474861-top-0349","Phước bình , bắc ái Ninh thuận mưa kéo dài thế này có khả năng năng nước lớn, sạt lở nhiều","0","0.6"
"10239674864474861-top-0350","Giúp với mn ơi","0","0.6"
"10239674864474861-top-0356","Càng nhiều Cano, xuồng bè kéo vào càng tốt, thời gian gấp rút lắm rồi","0","0.6"
"10239674864474861-top-0358","Sao ko ai cứu vậy","0","0.6"
"10239674864474861-top-0360","Mong mng giúp với ạ","0","0.6"
"10239674864474861-top-0364","@ nêu bật","0","0.6"
"10239674864474861-top-0366","tình hình giờ tới tối không ổn chút nào a huy ơi, nhờ mn cùng chung tay hổ trợ bà con qui nhơn với ạ","0","0.6"
"10239674864474861-top-0370","Xuân Lê vaog đây cô nek","0","0.6"
"10239674864474861-top-0371","Hat Tieu Hat Tieu m nhắn vô chỗ anh này thử xem","0","0.6"
"10239674864474861-top-0373","Ai đó giúp bạn này với","0","0.6"
"10239674864474861-top-0374","Cám ơn Huy Nguyễn rất rất nhiều , luôn bên cạnh và hỗ trợ bằng tinh thần cho Bà Con trong vùng lũ !","0","0.6"
"10239674864474861-top-0376","Xin cứu giúp gia đình với ạ","0","0.6"
"10239674864474861-top-0378","Nước lên rất lớn , toàn bộ ngập trắng","0","0.6"
"10239674864474861-top-0379","Mưa to gió lớn quá! Nhà e bị đứt dây điện trong sân nhà luôn, nguy hiểm quá ạ!","0","0.6"
"10239674864474861-top-0380","Nhờ cứu họ tới khu vực thôn bình hòa.xã an dân cũ tỉnh phú yên với ạ.mẹ e ko liên lạc được từ sáng sớm tới giờ.khu vực đó nước ngập sâu ạ","0","0.6"
"10239674864474861-top-0382","Xã Tuy An Bắc ( thôn Long Uyên) cần cầu cứu gấp ạ. Nhiều nhà kh có gác ngập hết kh còn chỗ trú tha thiết xin cầu cứu ạ","0","0.6"
"10239674864474861-top-0383","Xóm Đặng Thon Phú Thuận Tây Hoà còn người mn quay lại đi ạ 😞 làm ơn","0","0.6"
"10239674864474861-top-0384","Thu Thuỷ chị ơi.","0","0.6"
"10239674864474861-top-0386","Cầu xin Chúa đừng mưa nữa, quá sức tưởng tượng rồi ạ!","0","0.6"
"10239674864474861-reply-0387-0001","Tú Lê buồn quá chị Tú ơi 😢. Nhà chị có sao hok chị ơi","0","0.6"
"10239674864474861-top-0388","Mạnh mẽ lên, biết ơn những tấm lòng cao cả","0","0.6"
"10239674864474861-top-0391","Vùng 8, 9 An Nghiệp (cũ) Thông Trung Lương 1- Tuy An Tây- Đăk Lăk, bà con cần cứu giúp ạ. Nước lớn, gió sóng dập mạnh nhiều bà con bị kẹt lắm ạ.","0","0.6"
"10239674864474861-reply-0391-0001","Tống Phượng up","0","0.6"
"10239674864474861-top-0393","Đau lòng","0","0.6"
"10239674864474861-top-0396","Lan Pham nhắn vào đây c nek","0","0.6"
"10239674864474861-top-0397","Diệp Lê Vân post vào đây nè em","0","0.6"
"10239674864474861-top-0399","Cầu trời ngớt mưa","0","0.6"
"10239674864474861-top-0400","Khổ quá","0","0.6"
"10239674864474861-top-0401","Cứu Phú yên với mọi người ơi ! Bà con sắp chịu hết nổi rồi , mưa xối xả , nước lên nhanh , dân kêu cứu trong tuyệt vọng ! Hic","0","0.6"
"10239674864474861-top-0403","Nhà bạn e ở  khu lacj nghiệp, Tây hòa Phú yên ah, nhờ mn giúp vs ah","0","0.6"
"10239674864474861-top-0404","Thôn Mỹ long, xã an dân, tuy an, Phú yên cũ. Cần cứu hộ. Nơi đó vùng hẻo lánh có 100 mấy hộ dân thôi cây cối nhiều nên không có ai vào cứu hộ. Nước  những nhà thấp lúc mái hết rồi ạ.","0","0.6"
"10239674864474861-reply-0411-0001","Nhi Bảo ngập quá chừng, cố lên.","0","0.6"
"10239674864474861-reply-0412-0001","Ông bà 80 tuổi, bà ko đi lại được, ko liên lạc được, có ai cứu hộ vùng này ko ạ","0","0.6"
"10239674864474861-top-0416","Tuyết Trinnh
Trường hợp nhà 5 người có ai cứu chưa chị? Nhắn vô đây thử xem ạ","0","0.6"
"10239674864474861-top-0417","Nguyễn Hưởng em nt ở đây này","0","0.6"
"10239674864474861-top-0421","Khu vực tuy an- đồng xuân của phú yên ngập rất sâu, hiện tại có nơi đã ngập k còn mái nhà. Rất mong các đội cứu hộ giúp ạ","0","0.6"
"10239674864474861-top-0423","Thấy bạn này kêu cứu nhiều tiếng rồi ko ai đến cứu, mẹ con tuyệt vọng trên mái nhà này a ơi","0","0.6"
"10239674864474861-top-0425","Sos cứu hộ giúp gia đình e ạ","0","0.6"
"10239674864474861-reply-0428-0001","Huỳnh Kiều","0","0.6"
"10239674864474861-reply-0428-0002","Bùi Thị Hải YếnThu Luong Nguyen có kg chị tìm cách đưa lên","0","0.6"
"10239674864474861-top-0430","Thủy Nguyễn . Cmt vo đây em","0","0.6"
"10239674864474861-top-0432","Đỗ Phi e kêu cứu chỗ này thử e ơi !","0","0.6"
"10239674864474861-top-0434","Thôn Tân Hoà - Xã xuân sơn bắc - phú yên ( cũ )","0","0.6"
"10239674864474861-top-0436","Promise Bom Bom đông ơi, đăng nhờ a này thử","0","0.6"
"10239674864474861-reply-0436-0001","Thùy Anh Ngô đăng rồi á b","0","0.6"
"10239674864474861-top-0437","Nhờ cứu giúp với ạ.","0","0.6"
"10239674864474861-top-0439","Mọi người cứu giúp 2 ông bà ngoại em 80 tuổi, ko có điện thoại, ko liên lạc được, ở khu tách biệt, hiện tại nước ngập đến mái nhà 🥹🥹

Gần tiệm thuốc tây Hiền 
thôn Phước Khánh, xã Hoà Trị, huyện Phú Hoà, Phú Yên cũ","0","0.6"
"10239674864474861-top-0442","Yen Nguyen c ơi a Lân ở đâu? Cmt cứu hộ đi chị","0","0.6"
"10239674864474861-top-0443","Toàn bộ xã Đồng Xuân, Đắk Lắk ngập hết rồi ạ","0","0.6"
"10239674864474861-top-0444","Với tốc độ xả của các thuỷ điện và lượng mưa lớn kéo dài ngày thì các tỉnh bị ngập lụt ở nam trung bộ sẽ là thảm hoạ lớn, mong chính phủ, cả nước có biện pháp cứu hộ tức thời, đừng chần chừ nữa, lúc này hơn lúc nào hết, hãy cứu hộ, cứu nạn nhân dân !!!!","0","0.6"
"10239674864474861-reply-0445-0001","Nguyễn Như Quỳnh .","0","0.6"
"10239674864474861-reply-0445-0002","Nguyễn Như Quỳnh .","0","0.6"
"10239674864474861-reply-0445-0004","Nguyễn Như Quỳnh .","0","0.6"
"10239674864474861-reply-0445-0005","Nguyễn Như Quỳnh .","0","0.6"
"10239674864474861-top-0447","Cứu gđinh bạn em với ạ🆘🆘🆘","0","0.6"
"10239674864474861-top-0453","Thương bà con quá, vừa bão lại lũ, quê mình","0","0.6"
"10239674864474861-top-0459","Cầu đức Chúa Trời cứu giúp dân miền Trung Tây Nguyên qua khỏi nạn hồng thủy này Amen!","0","0.6"
"10239674864474861-top-0462","Thấy mọi người kêu cứu mà không cầm lòng được,đổ nước mắt, tội quá ông trời ơi đừng mưa nữa.","0","0.6"
"10239674864474861-top-0463","Quy nhơn đang ngap nặng ạ","0","0.6"
"10239674864474861-top-0464","Kim Quy cháu vào đây nhờ cứu hộ nhé","0","0.6"
"10239674864474861-top-0467","Thúy Ann, đây em nha","0","0.6"
"10239674864474861-top-0469","Gọi từ sáng giờ k đc lun ạ","0","0.6"
"10239674864474861-reply-0473-0001","Bạn e ở Nhà Thờ Mằng Lăng. Ở Tuy An Phú Yên. Mọi người ơi ai đó gọi cứu hộ giúp bạn e với.","0","0.6"
"10239674864474861-top-0474","Chị Na Le Blomk ơi.","0","0.6"
"10239674864474861-top-0477","Thương lắm miền trung ơi","0","0.6"
"10239674864474861-top-0478","Quá khủng khiếp.","0","0.6"
"10239674864474861-top-0480","Lâm Thu Thảo hỏi bên này thử bé","0","0.6"
"10239674864474861-top-0482","Mô phật. Trời còn lạnh nữa tội quá","0","0.6"
"10239674864474861-top-0483","Thương bà con mình quá","0","0.6"
"10239674864474861-top-0485","Còn ai còn thức không. Có ai cứu gia đình tôi với. Địa chỉ mai văn bé thôn cảnh tịnh , xã Hòa Thịnh nhờ bà còn tìm đội cứu hộ giúp đỡ dùm.","0","0.6"
"10239674864474861-top-0487","Thôn Long Hoà, xã Xuân Long, huyện Đồng Xuân(Phú Yên cũ)","0","0.6"
"10239674864474861-top-0488","Cầu cứu khu vực 3, phường nhơn bình, chùa hưng  phước quy nhơn, bình định cũ. Còn ngừoi dân mà chưa có cứu hộ ạ 🙏🏻🙏🏻🙏🏻","0","0.6"
"10239674864474861-reply-0488-0001","Lanh Phan ca đang cứu trên chợ dinh mà","0","0.6"
"10239674864474861-top-0490","Hằng Nguyễn","0","0.6"
"10239674864474861-top-0493","Bích Ngân đây nè em ơi","0","0.6"
"10239674864474861-top-0494","Mong giúp đỡ nơi này ạ","0","0.6"
"10239674864474861-top-0496","Lê An Châu kêu cứu ở đây e","0","0.6"
"10239674864474861-top-0499","Giúp e với ạ","0","0.6"
"10239674864474861-top-0501","Quy Hậu-Hoà Trị- Phú Yên. Nhà chị Lai Ha cần giúp đỡ ạ.","0","0.6"
"10239674864474861-top-0502","Diep Thieu Rose Zhang lỡ có cần","0","0.6"
"10239674864474861-top-0507","SOS cứu nhà ngoại em với ạ, đây là hình lúc sáng chụp em không biết giờ này nước tới đâu rồi, trong nhà có 1 bà lớn tuổi, ông em đang bị tai biến nhẹ, anh chị cứu hộ thấy được bài viết này phá cửa cứu  bà em ạ, nhà ở bên trái nhà thờ mằng lăng có cây vú sữa lớn ạ","0","0.6"
"10239674864474861-top-0508","Đội cứu hộ giúp giùm gia đình bạn em với , ở Hùng Vương, Diêu Trì, Quy Nhơn ạ","0","0.6"
"10239674864474861-top-0509","Rất gấp ạ","0","0.6"
"10239674864474861-top-0513","Nam mô A DI ĐÀ PHẬT 
Thương xót 🙏🙏🙏🙏","0","0.6"
"10239674864474861-top-0514","Đây không những là tội giết người mà là giết người hàng loạt","0","0.6"
"10239674864474861-top-0518","Nhờ anh Huy chuyển giúp thông tin cho các đội cứu hộ ạ. Cảm ơn anh nhiều.","0","0.6"
"10239674864474861-top-0519","Hoài Phương bo ơi cmt vô đây bo ơi","0","0.6"
"10239674864474861-reply-0520-0001","Xuong Rong Hoa","0","0.6"
"10239674864474861-top-0523","Quá khổ anh ơi","0","0.6"
"10239674864474861-top-0525","Khu vực xóm ngoài đầu cầu ngã hai thôn ngân điền xã sơn hà huyện sơn hòa phú yên cũ  có 1 mình ba em. Lúc sáng gọi nước đã vào nhà sung quanh nước đã cao miết tới bh gọi không được giờ nước lên nữa sợ không di chuyển tới chỗ cao kịp mong mọi người cứu hộ giúp với ạ","0","0.6"
"10239674864474861-top-0526","Hội Phú tuy an Bắc cứu dùm a ơi","0","0.6"
"10239674864474861-top-0527","Xin cứu hộ tại 58/88 Lương Định Của, Phường Ngọc Hiệp cũ, Nha Trang, Khanh Hoa. Nhà có 3 nguoi già không biết bơi. Khẩn cấp","0","0.6"
"10239674864474861-top-0529","Nhờ cứu hộ tới hỗ trợ gđ bạn mình với ạ 🥲","0","0.6"
"10239674864474861-top-0531","có đội cứu hộ mà không đủ xuồng, dùng thuyền thúng hay ghe, cái nào cũng được","0","0.6"
"10239674864474861-top-0534","Mong được hỗ trợ ạ.","0","0.6"
"10239674864474861-top-0535","Dạ, cứu ở khu vực này với ạ, hiện tại đang ngập sâu và xung quanh chỉ là nhà cấp 4 thui ạ","0","0.6"
"10239674864474861-top-0536","Xin nhờ anh Huy giúp","0","0.6"
"10239674864474861-top-0537","Cần đc hổ trợ định trung 3 trước trường tiểu học củ.đã ngập hết nhà mong đc hổ trợ ca nô gần đó,hình ảnh lúc sáng bây h là k còn mái nhà nữa.nhưng hộ dân đều bị","0","0.6"
"10239674864474861-top-0538","Cầu mong bình an cho mọi nhà .....khẩn cấp phú yên  kêu cứu nhiều","0","0.6"
"10239674864474861-top-0539","Đồng Xuân cần ca nô chớ cả xã ngập hết rồi ạ","0","0.6"
"10239674864474861-top-0541","0793639717 Bác 3 Cư và nhà má Son ngay cổng chùa Liên Trì   - Tuy An Đông (An Thạch cũ) Phú Yên
Người lớn tuổi - 1 mình","0","0.6"
"10239674864474861-reply-0541-0001","Võ Thị Phương .","0","0.6"
"10239674864474861-reply-0541-0002","Võ Thị Phương .","0","0.6"
"10239674864474861-top-0543","Thương dân mình quá","0","0.6"
"10239674864474861-top-0544","Xin giúp khu vực Phú Trung ,  Vĩnh Thạnh ,  Nha Trang ,  Khánh Hòa","0","0.6"
"10239674864474861-reply-0546-0001","Quại đã đc đưa đến nhà hàng xóm cao hơn, cám ơn anh Huy Nguyen","0","0.6"
"10239674864474861-top-0550","Đăng vào đây Xuanthanh Nguyen ơi","0","0.6"
"10239674864474861-top-0553","Bích Ly nè m","0","0.6"
"10239674864474861-top-0554","Nhà em ở khu vực( cổng thông văn hoá bình hoà cũ, trước nhà có cây lộc vừng, Mẹ lớn tuổi đang kẹt trong nhà) bên trái công thông bình hoà - phú mỹ(chưa tới cổng lui lại 3 nhà) - đc mới xã tuy an bắc. Em xin cám ơn","0","0.6"
"10239674864474861-reply-0554-0001","0941418000","0","0.6"
"10239674864474861-top-0556","Hồi hôm có đi ngan Khánh Hoà, Quy Nhơn, Bình Định.","0","0.6"
"10239674864474861-top-0563","Nam mô a Di Đà Phật quan thế âm bồ tát cứu khổ cứu nạn cho bà con vùng lũ","0","0.6"
"10239674864474861-top-0565","Khu phố Vĩnh Phú.  Xóm đông.   Hiện bà con ngập sâu đang ở trong nhà. Hiện đang ko có đồ ăn và cung ko đi đc.  Mn đến nhe","0","0.6"
"10239674864474861-top-0566","Xin hãy cứu hộ khu vực thôn An Thổ, xã An Dân, huyện tuy an, phú yên cũ với ạ… nhà có 1 phụ nữ lớn tuổi, nước sắp ngập mái","0","0.6"
"10239674864474861-reply-0567-0001","Tường Vi cứu dc roi v mừng quá","0","0.6"
"10239674864474861-top-0568","Thương bà con quá","0","0.6"
"10239674864474861-top-0573","Cuc Mai nhắn vô đây nè em","0","0.6"
"10239674864474861-top-0578","0913600619, 0978583169. Quy  Nhơn Bắc ạ, bệnh  viện lao xuống 1 tý ạ","0","0.6"
"10239674864474861-top-0580","Cần cứu gấp bác huy ơi ....2 ngày rồi chưa ai cứu ạ","0","0.6"
"10239674864474861-top-0581","Cái sáp nhập giờ kêu cứu loạn xạ địa danh hết a êii","0","0.6"
"10239674864474861-top-0584","Cầu mong ca nô, ai đọc được chia sẻ ca nô, cứu hộ giúp nhà 2 ông bà 90 tuổi, đang trên mái đanh nhà. Trạm BTS của VIETTEL Khu vực 6 Nhơn Bình, Quy Nhơn. Nước ngập gân tới rồi.0906541022","0","0.6"
"10239674864474861-top-0589","Thôn phú thịnh xã an thạch cũ cần cứu hộ xin hãy giúp đỡ đưa người dân ra dùm ạh ( khu vực gần nhà thờ hội tín )","0","0.6"
"10239674864474861-top-0592","Mong đội nào ở gần đó đến giúp đỡ nhà chú e với . Nhà chú e có người bệnh ,3 bé nhỏ và 3 phụ nữ","0","0.6"
"10239674864474861-top-0594","🙏🙏🙏Nam Mô A Di Đà Phật","0","0.6"
"10239674864474861-top-0596","Tuy An Bắc (Phú Yên) ạ","0","0.6"
"10239674864474861-top-0597","Dạ cần cứu tại Quảng Đức - An Thạch - Tuy An - Phú Yên (cũ) ạ","0","0.6"
"10239674864474861-top-0600","Cho em xin số điện thoại cứu trợ khẩn cấp của Phú yên với ạ","0","0.6"
"10239674864474861-reply-0602-0001","Thùy Nguyễn .","0","0.6"
"10239674864474861-reply-0603-0001","Huy Cơm có đội cướu trợ nào liên hệ chưa bạn","0","0.6"
"10239674864474861-top-0604","Làm ơn cứu thôn Quảng Đức, xã An Thạch, huyện Tuy An, Phú Yên với ạ, ai ai cũng cần cứu hết 😭🙏","0","0.6"
"10239674864474861-top-0605","Xóm 5 (Bầu lẫm) Trung Lương 1- Tuy An Tây- Đăk Lăk, cả xóm cần sự cầu cứu ạaa😭😭","0","0.6"
"10239674864474861-top-0606","Ai cần liên hệ ạ","0","0.6"
"10239674864474861-top-0608","Ngọc Thi và Jje Ry","0","0.6"
"10239674864474861-top-0609","Hiện tại bà con Đội 3- Tân Hoà- Xuân Sơn Nam - Đồng Xuân - Phú Yên( cũ)! Nước lớn -ngập sâu không thấy mái rồi. Bà con không di chuyển đi vùng an toàn được nữa ! Cần được hỗ trợ đưa người ra vùng an toàn lắm ạ","0","0.6"
"10239674864474861-top-0611","Thôn long hoà, xã xuân long, tỉnh phú yên (cũ) rất mong có ai cứu giúp","0","0.6"
"10239674864474861-reply-0612-0001","Trà Trà","0","0.6"
"10239674864474861-reply-0612-0002","Trà Trà","0","0.6"
"10239674864474861-top-0613","Nam mô đại từ đại bi cứu khổ cứu nạn Quan Thế Âm Bồ Tát","0","0.6"
"10239674864474861-top-0615","@hân Hân Nguyễnn","0","0.6"
"10239674864474861-top-0619","Bình định căng quá căng rồi","0","0.6"
"10239674864474861-top-0620","Cần Cứu hộ xã xuân sơn bắc của huyện đồng xuân . tỉnh phú yên cũ vơi ạ. Nước ngập cao lắm rồi ạ","0","0.6"
"10239674864474861-top-0621","Triều Đông Y trang này để đội cứu hộ đến kịp thời","0","0.6"
"10239674864474861-top-0623","Thêm một địa chỉ an toàn để bà con Nhatrang có thể đến nghỉ,tránh ngập lụt.","0","0.6"
"10239674864474861-reply-0624-0001","Hoàng Thư up","0","0.6"
"10239674864474861-top-0625","Giúp dùm gia đình e với a ơi","0","0.6"
"10239674864474861-reply-0630-0003","Mong được cứu hộ cứu kịp thời.","0","0.6"
"10239674864474861-top-0633","Quy Nhơn","0","0.6"
"10239674864474861-top-0634","Anh ơi😭","0","0.6"
"10239674864474861-top-0637","Xóm em ở đường 24/3 khu phố Đông Hòa - Huyện Sơn Hòa - Phú Yên ( cũ ), gần sân vận động 24/3 hiện tại dang có gần 20ng kẹt ngồi mái nhà! Đang cần cano hỗ trợ! Mn giúp với ạ.","0","0.6"
"10239674864474861-top-0638","Khổ quá vn ơi","0","0.6"
"10239674864474861-top-0642","Bình Định cố lên nhé 😭","0","0.6"
"10239674864474861-top-0644","TÌM CANO ĐẾN TÂN MỸ/ SƠN THÀNH ĐI Ạ😭😭😭","0","0.6"
"10239674864474861-top-0645","Thương bà con miền trung","0","0.6"
"10239674864474861-top-0646","Mong bà con mình được bình yên","0","0.6"
"10239674864474861-top-0647","Cứu giúp gia đình em với anh ơi.","0","0.6"
"10239674864474861-top-0648","Còn rất nhiều trường hợp đang cầu cứu nửa chú ơi","0","0.6"
"10239674864474861-top-0649","Anh ơi giúp xóm bạn e.","0","0.6"
"10239674864474861-top-0650","Giúp bạn e với ạ","0","0.6"
"10239674864474861-top-0651","Anh có cách nào thì giúp dùm em với nhà chị em ở An Vân An thổ xã đang bị ngập mà bị kẹt ở trong đó nhiều nhà lắm trong đó có nhà chị em mà mắc kẹt ở trong đó nhà chỉ còn một xíu nữa là nước tới gác lửng luôn rồi giờ ngập hết nóc rồi chỉ còn có cái gác lửng nữa à mà nước càng ngày càng lớn Anh có thể giúp dùm nha","0","0.6"
"10239674864474861-top-0653","Tuy hoà thất thủ ạ","0","0.6"
"10239674864474861-top-0656","Huyện Đồng Xuân, Tỉnh Phú Yên cũ.
Nay là: Xã Đồng Xuân, tỉnh Đăk Lăk.

Tình hình lũ đã vượt mốc lịch sử năm 2009, hiện tại những khu vực cao của xã đã bắt đầu ngập. Vùng thấp, ven sông, hồ… không còn thấy mái nhà.

Dân kêu cứu khắp nơi, nhiều điểm Cano cứu hộ không vào được.","0","0.6"
"10239674864474861-top-0665","La Hai Đồng Xuân Phú Yên cũ ạ, cả xã ngập trong biển nc hết rồi 😭","0","0.6"
"10239674864474861-top-0670","Có đội cứu hộ nào gần thì cứu giúp hai cháu này bị kẹt (đu) trên cây sau lưng BV Tâm thần Quynhon từ sáng đến giờ. Xin cảm ơn!","0","0.6"
"10239674864474861-top-0673","Lê Văn Tiệp , Tiep Van Le vào đây theo dõi","0","0.6"
"10239674864474861-reply-0676-0001","Các trường hợp trên ở Phú Yên cần cứu anh Huy ơi, nhờ anh có cách nào liên lạc trợ cứu giúp","0","0.6"
"10239674864474861-reply-0676-0002","Lê Phương nhà chị ổn ko???","0","0.6"
"10239674864474861-top-0681","2 năm nay, từ lúc có Vua mới lên ngôi, bão lũ triền miên, thiên tai bất thường","0","0.6"
"10239674864474861-reply-0687-0001","Trương Nguyễn Huyền Linh .","0","0.6"
"10239674864474861-top-0689","Khánh Hòa giờ mưa to lắm luôn","0","0.6"
"10239674864474861-top-0692","đọc những tin nhắn  cầu cứu mà rơi nc mắt .thương quá","0","0.6"
"10239674864474861-top-0696","Trong cuộc chiến thiên tai có người anh hùng như bạn ok","0","0.6"
"10239674864474861-reply-0699-0001","Trần Kim nhà b có sao ko. Ổn chưa b","0","0.6"
"10239674864474861-top-0702","Anh Huy ơi giúp bạn này vs ạh, bạn còn có bé 2 tháng nữa ạh 😭","0","0.6"
"10239674864474861-top-0705","Đọc tin cầu cứu khẩn cấp mà ngẹn lòng thương bà con ở vùng lủ quá","0","0.6"
"10239674864474861-top-0706","Trần Thị Thuỳ Dung . Nè con","0","0.6"
"10239674864474861-top-0715","A di đà phật","0","0.6"
"10239674864474861-top-0716","Nghe kêu cứu đau ruột quá mọi người ơi.Làm sao  đội cứu hộ cứu cho hết á trời","0","0.6"
"10239674864474861-reply-0717-0001","Tam VO Mới ngập hẳn chị","0","0.6"
"10239674864474861-top-0718","Dạ nhờ mọi người giúp dùm trường hợp này với ạ","0","0.6"
"10239674864474861-top-0719","Ruby Rain gửi thông tin vào đây em ơi","0","0.6"
"10239674864474861-top-0730","Đồng xuân, tuy an cần cứu hộ lắm ad ơi 😭😭😭 giúp dân quê e với 🙏🙏🙏","0","0.6"
"10239674864474861-top-0737","Phú Yên rất cần cứu hộ bạn ơi","0","0.6"
"10239674864474861-top-0739","Nguyễn Hồng Sáu ơi","0","0.6"
"10239674864474861-top-0741","Hết mưa rồi bão
Hết bão rồi lụt
Nước chưa kịp rút
Mưa lại quay về….
🙏🏽🙏🏽🙏🏽🙏🏽","0","0.6"
"10239674864474861-top-0742","Đọc tn của mn mà xót xã quá 😭","0","0.6"
"10239674864474861-top-0744","Nguyễn Thị Hồng Hạnh e đăng cứu hộ trong status của a Huy này cho nhanh đc thấy bài nha e","0","0.6"
"10239674864474861-reply-0744-0001","Mynhon Nguyen's dạ","0","0.6"
"10239674864474861-top-0745","Có đội nào gần xin cứu giúp với ạ","0","0.6"
"10239674864474861-top-0746","Nhờ anh giúp ạ","0","0.6"
"10239674864474861-top-0751","tha thiết cầu cứu , xóm chùm bầu xã tuy an bắc
, 1 già 1 trẻ đang ở trên mái nhà từ sáng giờ , cầu cứu khẩn cấp , 1 trẻ bị bệnh động kinh , tha thiết cầu cứu Phú yên cũ","0","0.6"
"10239674864474861-top-0758","Dạ anh","0","0.6"
"10239674864474861-top-0759","Thôn Hội Phú, An Thạch, Tuy An , Phú Yên cũ","0","0.6"
"10239674864474861-top-0761","Anh ơi, cứu bé nhỏ ạ","0","0.6"
"10239674864474861-top-0764","Cầu cứu TRỰC THĂNG","0","0.6"
"10239674864474861-reply-0765-0001","Xu Hường .","0","0.6"
"10239674864474861-reply-0765-0002","Xu Hường .","0","0.6"
"10239674864474861-reply-0765-0005","Tuyệt vời quá c ơi, ở trong vùng lụt mới thấu hiểu cảnh này c hì, quá khổ","0","0.6"
"10239674864474861-top-0767","Thôn Tân Hoà, xã Xuân Sơn nam, huyện đồng Xuân, phú yên cần cứu hộ gấp ạ","0","0.6"
"10239674864474861-top-0769","Cầu  cứu  giấp  các  anh  ,em  ơi","0","0.6"
"10239674864474861-top-0771","Bệnh viện tâm thần trên tầng 2 đang có 150 bệnh nhân và người nhà chưa có cơm sáng giờ, cúp điện cúp nước. Anh chị tiệm cơm nào còn khả năng làm cơm làm cho em 150 phần để em tìm cách đưa vào ạ !","0","0.6"
"10239674864474861-reply-0771-0001","Tp Qui Nhơn ạ","0","0.6"
"10239674864474861-reply-0771-0002","Hoa Tigon Duy Ngọc a còn phần hỗ trợ không nè","0","0.6"
"10239674864474861-top-0772","Nguyễn Thị Phương Diễmm","0","0.6"
"10239674864474861-top-0776","Mong mọi người ở nơi có nguy cơ luôn niệm danh hiệu NAM MÔ CỨU KHỔ CỨU NẠN QUÁN THẾ ÂM BỒ TÁT  .nếu có thể quán tưởng hình mẹ quan âm mặc đồ trắng đứng trên toà sen vàng lúc đọc niệm càng tốt ạ. Để tăng những nhân duyên thiện lành đến với bản thân và gđ ạ","0","0.6"
"10239674864474861-top-0780","Ông trời ơi thôi đừng mưa nửa thương cho bà con vùng lũ quá,  vừa nước vừa không khí lạnh nữa, chịu sao nổi .","0","0.6"
"10239674864474861-top-0784","Minh chia se ttin cần cứu a","0","0.6"
"10239674864474861-top-0786","Bình chính xã an dân phú yên cũ nhiều nhà bị kẹt trên mái.mong mn quan tâm giúp","0","0.6"
"10239674864474861-top-0792","Cầu cứu giúp nhiều người sắp ko cầm cự đc nữa - xóm nhà ở tổ 48 khu vực 6 phường Quy Nhơn Đông ( Nhơn Bình cũ)- sau lưng chung cư Ecome home - Chợ Dinh ( Quy Nhơn)","0","0.6"
"10239674864474861-reply-0798-0001","Chinh Vo xin hãy mau giúp đỡ","0","0.6"
"10239674864474861-top-0808","Trời ơi chỉ mong nước đừng lên nữa ! Mong mọi ng đc cứu trợ kịp thời !","0","0.6"
"10239674864474861-top-0809","Thương lắm các bạn ơi","0","0.6"
"10239674864474861-top-0813","Ba e có 1 mình thôi ạ,cứu với","0","0.6"
"10239674864474861-top-0815","e xin ít áo phao với mọi người ơi nhà có nhiều trẻ nhỏ mà nước hơn nửa nhà rồi","0","0.6"
"10239674864474861-top-0818","Cần giúp ạ:
KP11, p. Quy nhơn bắc, sau trường nguyễn Khuyến. 0965 690 679 Nguyễn Thị Yến.","0","0.6"
"10239674864474861-top-0819","Đọc mà thắt hết cả ruột","0","0.6"
"10239674864474861-top-0821","Tấn Nghĩa nè A","0","0.6"
"10239674864474861-reply-0822-0002","Phi Loan em vào đây nhé. Để đội cứu trợ nhanh nhất có thể.","0","0.6"
"10239674864474861-top-0826","Huế Thương chị thả số điện thoại và địa chỉ vào trang này, nhiều người theo dõi, biết đâu lại có người cứu giúp được chị chị à! Khánh Hoà ơi cố lên! Chị cố lên nha! Cầu trời khấn phật! Nammoadidaphat! 🙏🙏","0","0.6"
"10239674864474861-top-0833","Nam mô a Di Đà Phật","0","0.6"
"10239674864474861-top-0837","Quy Nhơn ạ","0","0.6"
"10239674864474861-reply-0843-0001","Trinh Cao quay video xem nước lớn nên vậy chị. Em gọi ba em Hoài k đc","0","0.6"
"10239674864474861-top-0845","Phú Yên, nhờ cứu hộ gấp
Cháu ruột mình, Lê Thị Bích Vân (Vùng 4, Thôn Định Phong, Xã An Nghiệp, Huyện Tuy An, Tỉnh Phú Yên cũ) nước lũ dâng lên rất cao, cháu Vân và hai con nhỏ đang kẹt trên mái nhà. Nhờ lực lượng cứu hộ tiếp cận cứu giúp.","0","0.6"
"10239674864474861-top-0846","Bích Lai em nhờ trang Anh này nè.","0","0.6"
"10239674864474861-top-0847","Huy Nguyen Huy Nguyen e cần thuê cano hoặc có đội cưu hộ nào ở gần kcn phú tài, số lô a9, công ty đá thanh thảnh có 2 bác bảo vệ, có bệnh nền, nhịn đói khát, bị ướt hôm qua h, dt hết pin, 2 bác đang trốn trên xe chở cống nhưng nước gần ngập r, gấp lắm ạ ,2 bác sợ k trụ nổi nữa!!!!! Ngoài 2 bác cty ra còn có các chú bảo vệ của các cty gần đó nữa ạ","0","0.6"
"10239674864474861-top-0852","Nam Mô Quan Thế Âm Bồ Tát 🙏🙏🙏.","0","0.6"
"10239674864474861-top-0854","Tuyệt vời anh Huy","0","0.6"
"10239674864474861-top-0855","Cứu 3 mẹ con mọi ng ơi","0","0.6"
"10239674864474861-reply-0856-0001","Nguyễn Thị Cẩm Tiên .","0","0.6"
"10239674864474861-top-0857","Em cần tổ chức đoàn cứu hộ SG về PY","0","0.6"
"10239674864474861-top-0859","Cầu cứu: mn ơi hỗ trợ giúp em địa chỉ ở nam bình 2, đông hòa ""xóm bầu từ cầu trạm bơm hướng đi ra sông"" hiện tại mn trong đó không có chuẩn bị phao hay gì hết tại nước lên bất ngờ, nhờ anh chủ tus hay mn có đọc được dòng comment này của em, mn hỗ trợ mang áo phao đến hỗ trợ bà con ở khu này giúp em với nha. Em trân thành cảm ơn mn ạ🥺Nguyễn Huỳnh Huy Hải","0","0.6"
"10239674864474861-top-0863","Thương... k còn từ nào để diễn tả nữa cả 🥹🥹🥹","0","0.6"
"10239674864474861-reply-0865-0001","Vo Duy Khuong","0","0.6"
"10239674864474861-top-0869","Hiện tại Nha Trang mưa to và gió lốc rất mạnh","0","0.6"
"10239674864474861-top-0870","Cây lụt này lạ quá a. Nó khác 2 cây hôm qua vs hôm kia. Nước nó cứ lên từ từ. 2 cây trước là ngoài cổng nhà e nước theo cái dốc chảy xuống như dòng suối. Cây này nước từ dưới dốc tràn lên ko chảy nữa. Hướng dâng của nước cũng ngược lại so với 2 cây lụt trước. Cây này im im từ từ mà đáng sợ quá đi. Cảm giác rất bất an trong lòng, sợ hơn cả 2 cây trước😰","0","0.6"
"10239674864474861-top-0871","Diễm My Mỹ Diễmm","0","0.6"
"10239674864474861-top-0872","Tội bà con quá  . Vừa lạnh , vừa đói . Mong đội cứu hộ kịp thời ứng cứu","0","0.6"
"10239674864474861-top-0874","Xóm Tây, thôn Vĩnh Phú, xã Hòa An, huyện Phú Hòa, Phú Yên cũ, đoan trên cao tốc rất nhiều hộ dân cần cứu","0","0.6"
"10239674864474861-top-0877","Phú Hòa, Phú yên nước cao ko ạ","0","0.6"
"10239674864474861-top-0879","vùng 8 an nghiệp ngập sâu cần cứu giúp với ạ","0","0.6"
"10239674864474861-top-0882","Khổ quá đồng bào mình ơi","0","0.6"
"10239674864474861-top-0883","Tuy An Dông-An Thạch,HỘI PHÚ, PHÚ NHUẬN NHÀ NGẬP LÚT MAI HẾT CHỖ BÁM RỒI Ạ","0","0.6"
"10239674864474861-top-0884","Khu vực phú yên, nhờ mn hỗ trợ ạ","0","0.6"
"10239674864474861-top-0885","Cần cứu giúp em 13 người đang kẹt trên mái nhà ở thôn Long Hòa, Xã Đồng Xuân ạ, hiện nước đã ngập mái và ko có phương tiện di chuyển đến nơi cao hơn. Tiếp đó là KV xóm trên ạ","0","0.6"
"10239674864474861-top-0886","Phú Hoà, Phú Yên cũ ạ.","0","0.6"
"10239674864474861-top-0891","Cầu xin hãy cứu bà con vùng, Huyện đồng xuân cũ  ,Phú Yên cũ👏👏","0","0.6"
"10239674864474861-top-0895","Nhà em có người bệnh, địa chỉ hẻm 149 đồng khởi, thị trấn diên khánh (huyện diên Khánh cũ, đối diện chùa hoàng nam phật đường), sdt chú lạc 0366211572, mong được sự giúp đỡ","0","0.6"
"10239674864474861-top-0896","Về cứu Thôn phú đa và thôn cảnh phước xã hoà tân đông huyện đô ng hoà tỉnh phú yên với ạ","0","0.6"
"10239674864474861-top-0899","Khổ khắp cả nước ông trời ơi","0","0.6"
"10239674864474861-top-0900","Trời ơi. Đau lòng quá😭","0","0.6"
"10239674864474861-top-0902","Thanh Tình chị nt trực tiếp trong này để nhờ cứu hộ nhớ cho sdt ai liên lạc dc","0","0.6"
"10239674864474861-top-0903","Đỗ Nguyễn Bích Trâm em xem thử","0","0.6"
"10239674864474861-top-0906","Đội nào ở gần tiến giúp ..!!","0","0.6"
"10239674864474861-reply-0908-0001","Nguyễn Thị Hồng Oanh","0","0.6"
"10239674864474861-top-0909","Xóm gò hã hoà an cần lắm cứu hộ nhà có con nhỏ làm ơn 🙏","0","0.6"
"10239674864474861-top-0913","Qui nhơn ngay lúc này","0","0.6"
"10239674864474861-top-0915","Cứu giúp a ơi","0","0.6"
"10239674864474861-top-0916","Share giúp nhà bạn em với ạ","0","0.6"
"10239674864474861-top-0917","Ở Nha Trang, cần giúp ạ!","0","0.6"
"10239674864474861-top-0923","Dạ cần ca nô hổ trợ Đội 6, thôn Tân Long, Xã Xuân Sơn Nam, Huyện Đồng Xuân cũ, ko còn liên lạc dc với ai cả ah.","0","0.6"
"10239674864474861-top-0924","Mn ơi, cứu vs ạ, sau lưng nhà thờ Mằng Lăng, An Thạch, Tuy An, Phú Yên ạ, trẻ nhỏ ng già, tối nay mà k cứu đc là chết hết ạ huhu","0","0.6"
"10239674864474861-top-0926","Một năm khổ sở!🥲🥲🥲","0","0.6"
"10239674864474861-top-0929","Đây Anh ơi!!!","0","0.6"
"10239674864474861-top-0932","Khu vực e cần cứu họ ạ, tuy an Đông, gần nhà thờ mằng lăng, gần ngã 3 an thạch, gần chợ an thạch ạ. Em cảm ơn","0","0.6"
"10239674864474861-top-0934","có đội cứu hộ nào gần ko ạ vứu với ạ, xót quá","0","0.6"
"10239674864474861-reply-0937-0001","Chuyen Hong .","0","0.6"
"10239674864474861-reply-0937-0002","Chuyen Hong nhà em hay nhà ai vậy Chuyên? ổn không Chuyên ơi ?","0","0.6"
"10239674864474861-reply-0941-0001","Trường hợp này đã được hỗ trợ đưa ra vị trí an toàn rồi ạ","0","0.6"
"10239674864474861-top-0942","Tha thiết nhờ mọi người giúp gia đình a trai với. Nhà có 6 người trong đó có 2 bé dưới 5 tuổi . Hình từ lúc 11h đêm hôm 18/11 . Tới giờ vẫn chưa ra được 🥲🥲🥲","0","0.6"
"10239674864474861-top-0943","GẤP- cần giúp đỡ, thông tin liên hệ chú Khánh trong status ạ.","0","0.6"
"10239674864474861-top-0944","Anh ơi cứu làng trẻ A ơi🥺🥺🥺","0","0.6"
"10239674864474861-top-0946","Hòa Thịnh và Hòa Mỹ, Phú Yên","0","0.6"
"10239674864474861-top-0948","Kim Thu nè e","0","0.6"
"10239674864474861-top-0950","Anh Huy oi","0","0.6"
"10239674864474861-top-0955","Thủy điện phải xả trước sao để đã lụt  rồi còn xả thêm đê bà con ngập quá chừng vậy  keu cứu quá trời trên mạng  thuong quá bà con ơi","0","0.6"
"10239674864474861-top-0956","Cứu hộ xóm giữa Kp Long Châu thị trấn la hai huyện đồng xuân, 2 người lớn tuổi nước lên lầu rồi ạ.","0","0.6"
"10239674864474861-top-0964","Cứu giùm gd em ba ngừoi già làm ơn cứu giùm cậu em, e xin đội ơn làm ơn có quại em cậu mợ em lớn roiif làm ơn","0","0.6"
"10239674864474861-top-0967","Dạ nhà bạn em, mong các Anh/Chị cứu giúp.
Biết ơn các Anh Chị cứu hộ nhiều lắm,","0","0.6"
"10239674864474861-reply-0970-0001","Trà Giang nhà ai vậy bé","0","0.6"
"10239674864474861-top-0975","Mẹ con c này kiệt sức rồi😭😭","0","0.6"
"10239674864474861-top-0977","Trong lúc lũ lụt hoan nạn khó khăn. Dân đi tránh lũ ở khách sạn còn bị lấy xiển gấp nữa thì chịu với dân Phú Yên rồi","0","0.6"
"10239674864474861-top-0979","Một năm thiên tai không chừa chỗ nào hết.Không biết Huế thương từ nay đến cuối tháng 11 tây có lụt nữa k anh Huy ơi","0","0.6"
"10239674864474861-reply-0980-0001","Mua Sắm khổ quá c ơi số cứu hộ gọi máy bận,tùy cơ ứng biến,trong hoà thịnh cũng nửa nhà hết rồi","0","0.6"
"10239674864474861-top-0981","xin lực lượng cứu hộ khu vực sâu Phú Tài Quy Nhơn ạ","0","0.6"
"10239674864474861-top-0983","Đọc cmt mà thắt cả ruột. Mong bà con được cứu hộ kịp thời. 🙏🙏🙏","0","0.6"
"10239674864474861-top-0985","Nghe tiếng kêu cứu xé lòng 😥😥","0","0.6"
"10239674864474861-reply-0985-0001","Hòa Lê ko ngủ được luon em …huhu cứ nhắm mắt thấy tiếng kêu la khóc của tỉnh bạn","0","0.6"
"10239674864474861-top-0986","Quá khổ","0","0.6"
"10239674864474861-top-0987","Người nhà em ở an thạch phú Yên mất tích 03 người 1 ông và hai cháu ạ xin liên hệ giúp số ạ 0937978398","0","0.6"
"10239674864474861-top-0991","Bình định phú yên ngày đây giảm không anh","0","0.6"
"10239674864474861-top-0993","Quy Tran Nhờ mọi người giúp nhà bạn em với.","0","0.6"
"10239674864474861-top-0994","Mong mn đươc binh an","0","0.6"
"10239674864474861-top-0997","Xóm chợ dinh quại e tầm hơn 20 người già có trẻ nhỏ có.hiện tại tập trung tại 1 chổ phía sau cầu cao.cần sự hỗ trợ. 0868015608_0971610005 do sóng mạng chập chờn nên lúc nghe được lúc không.mong dc sự hỗ trợ ạ.e xin cảm ơn

086 8015608:phong","0","0.6"
"10239674864474861-top-0998","Đồng Xuân ngập nặng k thấy nhà đâu nữa rồi ạ, mong mn giúp nhanh nhất có thể🙏🙏🙏","0","0.6"
"10239674864474861-top-0999","Xom giữa ( k.p Long Châu )  Xã Đồng Xuân - Phú Yên ( cũ )","0","0.6"
"10239674864474861-top-1002","Trần Huy Đăng bố ơi","0","0.6"
"10239674864474861-top-1010","Tội quá trời ơi","0","0.6"
"10239674864474861-top-1011","Đau lòng quá ạ","0","0.6"
"10239674864474861-top-1012","Cứu với ạ.🙏","0","0.6"
"10239674864474861-top-1015","Nam mô a di đà phật .mong mọi người giúp đở kịp thời","0","0.6"
"10239674864474861-top-1016","Giúp dùm cả nhà ơi","0","0.6"
"10239674864474861-top-1022","Em đọc tin của bạn em ạ","0","0.6"
"10239674864474861-top-1023","Thanh Trang em đăng vào đây cầu cứu thử xem","0","0.6"
"10239674864474861-top-1024","Cứu hộ cứu nạn ở đâu nhìn khiếp vậy! Có vượt qua không trời?","0","0.6"
"10239674864474861-top-1028","Tận cùng của đau  khổ, xin các a giúp với ạ","0","0.6"
"10239674864474861-reply-1029-0001","Hằng SamSum tội chưa, chừ đã cứu hộ cho họ đc chưa","0","0.6"
"10239674864474861-top-1031","Trong nhà có Mẹ già k liên lạc được, mong cứu giúp . Hội tín, an thạch , tuy an  cũ. Hẻm nhỏ phía dưới ngã 3 chợ An Thạch","0","0.6"
"10239674864474861-top-1033","Cứu hộ ở quy nhơn đông , cầu số 8 , đuòng đào tấn nguòi nhà em mắc kẹt trong nhà , nguòi già trẻ con, mong cứu hộ giúp đỡ cứu ạk😭😭😭","0","0.6"
"10239674864474861-top-1038","Mọi người ơi cứu gia đình bạn này ở Phú Yên với, có bé 1 tháng tuổi. Cập nhật 30p trước vẫn chưa gọi được cứu hộ ạ","0","0.6"
"10239674864474861-top-1044","Minh Nga em cmt vào đây xem nhé","0","0.6"
"10239674864474861-top-1046","Phú Yên","0","0.6"
"10239674864474861-top-1047","Hy vọng a hữu duyên giúp","0","0.6"
"10239674864474861-top-1052","Làm ơn giúp bà con Tuy An cũ đi ạ","0","0.6"
"10239674864474861-top-1054","Em có mặt tại Quy Nhơn rồi anh ơi. Cần gì ới em nhé","0","0.6"
"10239674864474861-top-1058","Nam mô A di đà Phật","0","0.6"
"10239674864474861-top-1060","Đọc những lời cầu cứu mà đau lòng quá 😭😭😭","0","0.6"
"10239674864474861-top-1061","Tại Nha Trang ạ","0","0.6"
"10239674864474861-top-1062","Mong có đội cứu hộ thấy trường hợp này ạ","0","0.6"
"10239674864474861-top-1069","Ngọc Triết ơi","0","0.6"
"10239674864474861-top-1071","Nước đã ngập từ chiều.cầm cự trên mái ạ 😭 .xin giúp ạ","0","0.6"
"10239674864474861-top-1073","Ngập đến cổ r ạ 🥲","0","0.6"
"10239674864474861-top-1075","Làng Hạnh Phúc Nha Trang ở địa chị thôn Tà Gộc, Xã Khánh Thượng, Huyện Khánh Vĩnh, Tỉnh Khánh Hòa (cũ). Hiện trong nhà có 9 người. Nước đang lên. Xung quanh cũng có rất nhiều nhà đồng bào toàn nhà cấp 4.","0","0.6"
"10239674864474861-top-1076","Nam mô bồ tát quán thế âm","0","0.6"
"10239674864474861-top-1078","Phước mỹ tây ai có thuyền hoặc có đội cứu trợ tới cứu trợ nhà e vs có 2 ng già và 1 bé 12tuổi, 1 người lớn vs ạ, nước đang lớn nhanh","0","0.6"
"10239674864474861-top-1080","Một năm đầy thiên tai bão quanh cả nước . khổ","0","0.6"
"10239674864474861-top-1088","Thương lắm mọi người cố lên nhé mọi","0","0.6"
"10239674864474861-top-1091","Còn có tâm lắm","0","0.6"
"10239674864474861-top-1092","Ái Qiên e nhắn trên này nè e . Có các hội cano đó Q","0","0.6"
"10239674864474861-top-1093","Sun c ơi để thông tin dô đây nè","0","0.6"
"10239674864474861-top-1094","ai ở gần giúp 2 cụ với ạ","0","0.6"
"10239674864474861-top-1095","Dạ nhờ mn cứu giúp khi vực xóm e Tổ 4 kp 4 quy nhơn bắc bình định cũ .sau đại học quang trung các nhà điều bị ngập mái hết hiện không cầm cự nổi, nhà e hiện tại chưa thể liên lạc được với bame đang trong nhà ở địa chỉ đó, mạng sóng điều mất không thể liên lạc được , xin giúp đỡ với ạ","0","0.6"
"10239674864474861-top-1100","Bà con Xóm Y, gần Cầu cây Cam, xã An Định, huyện Tuy An, Phú Yên cũ cần giúp đỡ SOS","0","0.6"
"10239674864474861-top-1102","Thương hơn một chữ thương.","0","0.6"
"10239674864474861-top-1103","Xin vào trang Chuyện của Quy Nhơn, mọi người kêu cứu nhiều quá 😢","0","0.6"
"10239674864474861-top-1110","Quy Nhơn Bắc khu vực xóm chẩu chợ Long Vân ngập rất nặng cứu người đi ạ","0","0.6"
"10239674864474861-top-1112","Khu vực đồng cháy, phước lương, ô loan cần gấp cứu hộ","0","0.6"
"10239674864474861-top-1113","Mong anh thấy được bình luận này","0","0.6"
"10239674864474861-top-1116","Hãy cứu giúp!","0","0.6"
"10239674864474861-top-1117","Mình đang ở cầu bà duy có đội nào cần Mình theo với","0","0.6"
"10239674864474861-top-1120","Chị Ngọc Hoan Hỷ ơi, chị đăng tin người thân chưa liên lạc vào đây đi ạ.","0","0.6"
"10239674864474861-top-1121","Quy Nhơn ạ","0","0.6"
"10239674864474861-top-1124","Phía sau lưng trường cao đẳng bình định
Tổ 3 khu vực 4-phường quy Nhơn bắc
Nhà Nguyễn trợ ạ! 
Mong a giúp đỡ giúp ạ! 
079 5695107 🙏","0","0.6"
"10239674864474861-top-1126","Một năm quá khác nghiệt quá kinh khủng với cá miền trung","0","0.6"
"10239674864474861-top-1128","QUY NHƠN - BÌNH ĐỊNH củ ạ","0","0.6"
"10239674864474861-top-1130","Xã Cẩm Thạch, Phú Hoà 1 mong anh em cứu hộ đến giúp 🙏","0","0.6"
"10239674864474861-top-1131","Nam mô A Di Đà Phật","0","0.6"
"10239674864474861-top-1132","Đọc mà chảy nước mắt. Miền Trung năm nay khổ quá ạ. Đợt lũ ở Huế vừa rồi mẹ em ở có 1 mình, cũng kêu cứu và được đội đưa cano phá cửa chở đi. Cảm ơn các anh chị rất nhiều.","0","0.6"
"10239674864474861-top-1136","Nước lên nhanh quá ạ","0","0.6"
"10239674864474861-top-1137","0946233855 sdt người đang cần giúp đỡ ạ","0","0.6"
"10239674864474861-top-1138","Mọi người ơi. Cứu giúp e 2 tài xế tại Thôn 2, Xã Hòa Vinh, Đông Hòa, Đông Hòa, phú yên, Việt Nam","0","0.6"
"10239674864474861-top-1139","Có anh/chị nào ở Phú Yên.   Cứu giúp bạn em với ạ","0","0.6"
"10239674864474861-top-1141","Đọc từng cmt cầu cứu của bà con mà bất lực rơi nước mắt. Thương quá thương! 🥺","0","0.6"
"10239674864474861-top-1142","SOS.  Cầu ké , đội 2 , thôn phú sen đông 1 người nằm liệt giường, 1 người 75t giện tại chưa di dời dc, vì nước lên nhanh,","0","0.6"
"10239674864474861-top-1143","Nam Mô A Di Đà Phật 🙇🏻🙇🏻🙇🏻🙏🙏🙏","0","0.6"
"10239674864474861-top-1149","Đêm nay lại mất ngũ","0","0.6"
"10239674864474861-top-1150","Gia Lai Tây gió to lắm ấy","0","0.6"
"10239674864474861-top-1152","Nhung Chín kêu gọi ghi địa chỉ sđt rõ ràng cho đội cứu hộ đi","0","0.6"
"10239674864474861-top-1155","Ruby Trang c đăng thông tin cần cứu đi c.","0","0.6"
"10239674864474861-reply-1155-0001","Lê Qua chị gọi tất cả các sdt rồi e họ k đủ cano để cứu","0","0.6"
"10239674864474861-reply-1159-0003","Đồ ăn chỉ còn trụ đc đến tối nay thôi ạ! :((","0","0.6"
"10239674864474861-top-1161","Sos cần cứu trợ 252 Đào Tấn Nhơn Bình Quy Nhơn. nhà có 2 phụ nữ và 2 trẻ nhỏ ah","0","0.6"
"10239674864474861-top-1164","Sơn Giang, Sông Hinh","0","0.6"
"10239674864474861-top-1167","Chị này mới đăng kêu cứu anh oie","0","0.6"
"10239674864474861-top-1168","Xin nhờ anh kết nối cứu giùm ạ🙏🙏🙏","0","0.6"
"10239674864474861-reply-1170-0001","Hoang Hoai Huong  sao không lo di dời trước chị ơi. Sao rồi ạ","0","0.6"
"10239674864474861-top-1171","Ngay lúc này tại phú yên 4 người lớn và 2 trẻ nhỏ mắc kẹt ở đó 11 tiếng rồi","0","0.6"
"10239674864474861-top-1172","Trân trọng những thông tin về tình hình thời tiết và cả tấm lòng của anh Huy","0","0.6"
"10239674864474861-top-1174","Bạn của em,làm ơn giúp với ạ🙏","0","0.6"
"10239674864474861-top-1177","Cứu ba mẹ e với ạ. Hội phú - tuy an đông 😭","0","0.6"
"10239674864474861-top-1180","Lê Huệ em vào đây tìm trợ giúp nha","0","0.6"
"10239674864474861-reply-1181-0001","Kêu cứ từ sáng đến giờ vẫn chưa được cứu hộ mà nước đã mấp mé gần chỗ trú rồi ạ","0","0.6"
"10239674864474861-top-1182","Giúp c này ạ","0","0.6"
"10239674864474861-top-1183","Hồng Hạnh vô đây c xem có cano nào vào đc ko","0","0.6"
"10239674864474861-top-1185","@Thành Phong","0","0.6"
"10239674864474861-top-1187","Adidaphat🙏","0","0.6"
"10239674864474861-top-1189","Dạ đây a oi","0","0.6"
"10239674864474861-reply-1190-0001","Hoang Pham .","0","0.6"
"10239674864474861-top-1191","Có đội nào cứu trợ giúp nhà em gái mình với ạ. (Tổ 8, kv7, quy nhơn bắc. Ở chùa phú thọ phú tài ) nhà cấp 4 nước ngập tới cổ rồi ạ. Mọi người biết đâu giúp mình với","0","0.6"
"10239674864474861-top-1192","Nhà e 2 người lớn, 1 người đang sốt. Nhà thừa Ninh, vùn nhơn, Thông Phước Bình Nam, xa Hoà Thành ,H Đông Hoà , Phú Yên , ( Phuong Phú Yên, Tỉnh ĐăkLak 0938001532
Giúp em với. Em đội ơn ạ!","0","0.6"
"10239674864474861-top-1194","Hỗ trợ giúp với anh Huy ơi","0","0.6"
"10239674864474861-top-1195","Mai Thị Kim Lợi nhờ anh huy app này đi em","0","0.6"
"10239674864474861-top-1199","Ai ở gần cứu với ạ. 3 bé nhỏ và 1 bé mới sinh 3 tháng. Mưa gió tội quá ạ.","0","0.6"
"10239674864474861-top-1200","Bùi Ngọc Nhi cmt vị trí cần hổ trợ đi bạn","0","0.6"
"10239674864474861-top-1203","E thấy mn ckt máy bạn này hết pin rồi. Bạn đó kêu cứu 2h trước.","0","0.6"
"10239674864474861-top-1205","Hi vọng giúp dc gd em ấy","0","0.6"
"10239674864474861-top-1206","cứu hộ giúp e với nhà có 4 bé nhỏ và 1 cụ 77t. Nhà ở xóm hói,cảnh tịnh,hoà thịnh.gần sông đào","0","0.6"
"10239674864474861-top-1214","Bắc Khánh Hòa còn mưa to nữa ko a","0","0.6"
"10239674864474861-top-1215","Anh oi. Xã Sơn Giang Huyện Sông Hinh tỉnh Phú Yên cũ nước dâng ngập nhà. Mọi người phải chạy lên núi. Xin hỗ trợ.","0","0.6"
"10239674864474861-top-1217","Anh Huy Nguyên có số dt đội cứu hộ nào gần Hòa thịnh-Tây Hòa (củ) cho em xin với.Vì khu vực này đang ngập sâu,gọi cứu hộ ko dc.người dân đã kêu cứu sáng giờ.Cảm ơn anh nhiều ạ","0","0.6"
"10239674864474861-top-1218","Nhờ anh chuyển thông tin giúp","0","0.6"
"10239674864474861-reply-1219-0001","Nguyễn Trinh nhà con nuôi q ở đây á!","0","0.6"
"10239674864474861-top-1220","Tội chi kinh rứa  🥲lợi nhuận thì chúng hưởng còn khi gặp hoạ thì bất chấp xả hết để dân chịu","0","0.6"
"10239674864474861-top-1222","A ơi mưa to như vầy dự kiến kéo dài tới khi nào nữa.","0","0.6"
"10239674864474861-top-1224","Số 46 Gò Chùa Khu vực Sau Chợ Ga, xã Vĩnh Thạnh.","0","0.6"
"10239674864474861-top-1225","Ái Vân cmt vào đây em nhé","0","0.6"
"10239674864474861-top-1226","Giúp giùm em với","0","0.6"
"10239674864474861-top-1227","Trâm Bùi o ơi. Gọi cứu hộ ở fb này","0","0.6"
"10239674864474861-top-1228","Đông Phương em cmt dchi ngoại lên đây nè em.","0","0.6"
"10239674864474861-reply-1228-0001","Diệu Thuỳ dạ","0","0.6"
"10239674864474861-top-1229","Huỳnh Hoà","0","0.6"
"10239674864474861-top-1231","Khu phố 2, P Hòa Vinh,TX Đông Hòa,Tỉnh Phú Yên ( Cũ ).Đã thật sự thất thủ rồi. Ba má e và nhiều hộ dân bị kẹt trong nhà. Cứu hộ tiếp tế lương thực giúp với a Huy ơi.","0","0.6"
"10239674864474861-top-1232","Xưởng Sỉ Áo Dài Lê Huỳnh xem thử  Chị ơi","0","0.6"
"10239674864474861-top-1233","Con xin cầu cứu ạ. Thôn Phú Thuận,Hoà Mỹ Đông, Tây Hoà- Phú Yên
Có Đội nào ở gần đây cứu nhà bạn con với!","0","0.6"
"10239674864474861-top-1234","Nhờ đội cứu hộ ạ. Gia đình cô giáo kêu cứu từ tối tới giờ. Cảm ơn.","0","0.6"
"10239674864474861-top-1240","Mong mn chia sẻ để vùng lân cận ko bị ngâpn đến cứu giúp . Xót hết cả ruột gan.","0","0.6"
"10239674864474861-top-1244","Cứu giup ah","0","0.6"
"10239674864474861-top-1247","Bây giờ đối với người dân ở Bình Định (cũ) thì tính mạng con người là trên hết,tài sản đã mất tất cả. Rất mong ae 2 miền nam bắc hỗ trợ phương tiện cứu hộ. Thảm thiết mong hỗ trợ ah!","0","0.6"
"10239674864474861-top-1249","Trinh Nguyễn nói Tâm vô trang này cầu cứu nè em","0","0.6"
"10239674864474861-top-1250","Tri Ân em Huy Nguyen và các chuyên gia thuỷ văn nhiều !","0","0.6"
"10239674864474861-top-1253","Phú yên tối nay ko biết còn trụ nổi ko, đu cây đu mái nhà nhiều lắm rồi .","0","0.6"
"10239674864474861-top-1254","Ngoc Thuy liên hệ ngay chổ này","0","0.6"
"10239674864474861-reply-1254-0001","Tommy Nguyen dạ","0","0.6"
"10239674864474861-top-1257","Lê Cầnn e có gì gọi dùm ba mẹ c với 😭😭","0","0.6"
"10239674864474861-top-1259","bạn e đang cầu cứu, em của bạn ấy bị co giật mà nhà đang bị ngập","0","0.6"
"10239674864474861-reply-1260-0001","Hiện nhà ko có đồ ăn, nước uống và đồ giữ ấm, cả nhà đã ngồi trên gác mái từ tối khuya hôm qua tới giờ ạ","0","0.6"
